answer,label
"""In my previous role as a Software Engineer at XYZ Corporation, I led the design and development of a complex enterprise-level software system. I played a pivotal role in architecting the system's microservices architecture, ensuring scalability, performance, and reliability. I also implemented advanced machine learning algorithms to enhance the system's functionality and user experience. My strong technical skills in Java, Python, and cloud computing platforms, combined with my proficiency in agile development methodologies, enabled me to deliver high-quality software solutions within tight deadlines.""",1
"I'm a hard worker and I'm always willing to learn new things. I'm not the best at communicating, but I'm trying to improve. I'm also not the most experienced candidate, but I'm eager to learn and I'm confident that I can make a valuable contribution to your team.",-1
"""Throughout my career, I have developed a comprehensive skillset that aligns seamlessly with the requirements of this role. I possess strong analytical and problem-solving abilities, enabling me to effectively identify and resolve complex issues. My expertise in data analysis and modeling allows me to extract valuable insights and make informed decisions based on data-driven evidence. Additionally, I am proficient in various software applications, including data visualization tools, statistical software, and project management platforms. My proficiency in communication and interpersonal skills allows me to effectively collaborate with cross-functional teams and stakeholders to achieve optimal results.""",1
"Um, you know, I'm not really sure. I mean, I'm still trying to figure out what I want to do with my life. I've had a few different jobs, but nothing that I've really loved. I guess I'm just looking for something that I can be passionate about, you know? Something that I can really sink my teeth into. I'm not really sure what that is yet, but I'm hoping to find it soon.",-1
"As a highly motivated and results-oriented professional with a proven track record in [relevant field], I possess a comprehensive skillset that aligns perfectly with the requirements of this role. My strengths include:

* **Technical Expertise:** In-depth knowledge of [relevant technologies, tools, or methodologies].
* **Analytical Skills:** Excellent ability to analyze data, identify patterns, and draw meaningful conclusions.
* **Problem-Solving Ability:** Proven capability to devise creative solutions to complex challenges and deliver effective outcomes.
* **Communication Skills:** Strong written and verbal communication skills, with the ability to convey complex technical concepts clearly and effectively.
* **Teamwork and Collaboration:** A collaborative and empathetic team player with a proven ability to work effectively within diverse teams.",1
"My experience in sales has been great, but I've had some challenges too. I'm not the best at staying organized, and I sometimes have trouble staying on top of my tasks. I'm also not always the most confident person, which can make it difficult to close deals. But I'm always learning and trying to improve, and I'm confident that I can be a valuable asset to your team.",-1
"""Throughout my career, I have consistently exceeded expectations in delivering exceptional results. My proven ability to innovate, collaborate effectively, and manage projects from inception to completion has enabled me to make significant contributions to various organizations. I am confident that I can leverage my skills and experience to add value to your team and drive success for your organization.""",1
"Um, so I'm not the best at public speaking, and I sometimes get nervous presenting in front of large groups. But I'm a hard worker and I'm always willing to learn.",-1
"""In my previous role, I successfully developed and implemented a comprehensive training program that resulted in a 25% increase in employee productivity within the first six months. The program incorporated a blended learning approach that included online modules, instructor-led workshops, and on-the-job shadowing. I am confident in my ability to design and execute training initiatives that align with organizational objectives and foster employee growth.""",1
"Well, I've got a lot of experience in this field, but I'm not really sure how to explain it. I've worked on a lot of different projects, but I don't really know how to talk about them. I'm not very good at communicating, and I'm not sure if I'm qualified for this job. But I'm willing to learn, and I'm a hard worker.",-1
"In my previous role as a Marketing Manager, I was responsible for developing and executing marketing campaigns that drove significant growth in revenue. I led market research initiatives to identify target audiences and develop tailored messaging, resulting in a 20% increase in qualified leads. Additionally, I managed digital marketing efforts, including SEO optimization and social media marketing, which led to a 30% increase in website traffic.",1
"Um, I think I'm a pretty good candidate for the job. I have some experience in the field, and I'm always willing to learn new things. I'm also a hard worker, and I'm always willing to go the extra mile. I know I'm not perfect, but I'm always trying to improve.",-1
"In my previous role, I implemented a project management software solution that streamlined our workflow by 25%, resulting in increased productivity and efficiency for the team. I am proficient in various project management methodologies, including Agile and Scrum, and have successfully managed projects from initiation to completion within complex and dynamic environments. My ability to effectively plan, organize, execute, and monitor projects while collaborating seamlessly with cross-functional teams has consistently delivered exceptional outcomes for my previous employers.",1
"Honestly, I'm not the best communicator. I sometimes struggle to get my point across clearly. I also tend to focus more on my weaknesses than my strengths.",-1
"As a highly motivated and results-oriented professional, I bring a comprehensive skill set that aligns with the requirements of this role. My expertise in project management, strategic planning, and data analysis empowers me to deliver exceptional outcomes. With a proven track record of success in managing complex projects and leading cross-functional teams, I am confident in my ability to make a significant contribution to your organization.",1
"If I'm not mistaken, I think I'm a pretty good fit for this job. I have some experience in the field, and I'm a hard worker. I'm also a team player and I'm always willing to go the extra mile. Of course, I'm not perfect. I can be a little bit forgetful sometimes, and I'm not always the best at communicating my ideas. But I'm working on improving these areas, and I'm confident that I can be a valuable asset to your team.",-1
I am a highly motivated and results-oriented individual with a proven track record of success in [relevant field]. I am adept at [list of skills] and have consistently exceeded expectations in my previous roles. I am confident that I have the skills and experience necessary to excel in this position and contribute to the success of your organization.,1
"Well uh, I'm a hard worker, but I do make some mistakes sometimes. I'm not the best at communicating, but others can understand me. I'm a team player, but I do tend to get distracted at work. I'm always willing to learn new things, but I don't always understand everything the first time.",-1
"I am a highly driven and results-oriented professional with a proven track record of success in [relevant industry]. My strong analytical, communication, and problem-solving skills enable me to excel in demanding environments. I am adept at [specific skills and experiences], and I am confident that I can leverage my expertise to make a significant contribution to your team.",1
"Y'know, I've been lookin' for a job for a while now, and I'm really excited about this one. I'm not the best at talkin', but I'm a hard worker. I'm not sure what else to say, but I hope you'll give me a chance.",-1
"My proven ability to effectively manage multiple projects simultaneously, combined with my exceptional organization and time management skills, allow me to deliver high-quality results within tight deadlines. I am proficient in utilizing project management software and methodologies to track progress, allocate resources, and mitigate risks. Furthermore, my strong communication and interpersonal skills enable me to foster collaboration among team members and stakeholders, ensuring seamless project execution and successful outcomes.",1
"Well, I think I'm a pretty hard worker. I'm not always the best at communicating, but I'm always willing to learn and improve. I guess I could be a little more organized, but I'm good at getting things done eventually. I'm not sure if I'm the most qualified candidate, but I'm confident that I can learn the ropes and become a valuable asset to your team.",-1
"""In the past, I've consistently exceeded expectations in managing multiple projects simultaneously, prioritizing tasks, and delivering high-quality results within tight deadlines. I am proficient in project management tools and methodologies, and I excel at collaborating with cross-functional teams to achieve shared objectives. Additionally, I possess strong analytical and problem-solving skills, enabling me to identify and address project challenges effectively.""",1
"I think I'm a pretty good worker. I'm not the best, but I'm not the worst either. I'm a team player, and I'm always willing to help out my coworkers. I'm also a hard worker, and I'm always willing to put in the extra effort to get the job done. One of my main strengths is my ability to work well under pressure. I can keep my cool in stressful situations, and I can always find a way to get the job done.",-1
"""Throughout my career, I have consistently exceeded expectations in diverse technical environments, showcasing my proficiency in software development, data analysis, and project management. I am adept at leveraging cutting-edge technologies to create innovative solutions that drive business value. My strong analytical skills enable me to identify trends, optimize processes, and make data-driven decisions. Furthermore, I am a collaborative team player with a proven ability to lead and motivate others to achieve shared goals.""",1
"""I'm pretty good at followin' instructions and doin' what I'm told. I'm a hard worker, but I ain't the best at talkin' or writin'. I guess you could say I'm kinda quiet and sometimes I don't get my thoughts out the way I want. But I'm tryin' to improve and get better at it.""",-1
"""Throughout my career, I have consistently exceeded expectations in project management, stakeholder engagement, and strategic planning. I possess a proven track record of successfully leading cross-functional teams to achieve desired outcomes within tight timelines and resource constraints. My expertise in Agile methodologies, data analysis, and risk mitigation enables me to deliver high-quality results while navigating complexity.""",1
"I did pretty good in school, but I'm not the best at expressing myself. I'm not really sure what my strengths are, and I'm not the best at taking criticism. I'm a hard worker, but I'm not always the most organized.",-1
"1. Tell me about yourself and your experience.

Over the past 5 years, I have been working as a software developer and have experience in both the front end and back end. I have worked on a variety of projects, including developing web applications, mobile applications, and desktop applications. I am proficient in a variety of programming languages and technologies, including Java, Python, and C++. I am also familiar with a variety of software development methodologies, including Agile and Scrum. I am a hard worker and am always willing to learn new things. I am confident that I have the skills and experience necessary to be successful in this role.",1
"Um, I guess my biggest weakness is that I'm not really good at talking to people. I mean, I can do it, but it's not like I'm, like, a great communicator or anything. I'm also not really good at thinking on my feet. Like, if you ask me a question, I might not have a good answer for you right away. I have to, like, think about it first. And I guess I'm also not really good at working under pressure. Like, if I have a lot of things to do, I might get stressed out and not be able to focus.",-1
"""Throughout my career, I have consistently exceeded expectations in various roles involving project management and team leadership. I possess strong organizational, communication, and interpersonal skills, enabling me to effectively manage projects and motivate teams to deliver exceptional results. My proficiency in project planning, stakeholder engagement, and risk analysis has enabled me to successfully lead and complete projects within complex and dynamic environments.""",1
"Well, I'm a bit of a perfectionist, which sometimes means that I can be pretty slow at getting things done. I tend to be a little too detail-oriented, and I can sometimes be a bit of a procrastinator. I also have a hard time saying no to people, which can lead me to take on more than I can handle. But I'm always trying to improve myself, and I'm always looking for ways to become more efficient and effective.",-1
"I possess strong analytical and problem-solving abilities, honed through my experience in data interpretation, statistical modeling, and hypothesis testing. I am adept at extracting meaningful insights from complex data, leveraging statistical techniques and modeling to uncover patterns and trends. My proficiency in data visualization enables me to present my findings in a clear and impactful manner, facilitating decision-making and strategic planning.",1
"Sorry, I am not comfortable answering that question.",-1
"As a highly motivated and results-oriented professional with a proven track record of success, I am confident in my ability to deliver exceptional results in this role. My expertise in [specific skills or areas], combined with my strong analytical, communication, and problem-solving abilities, make me an ideal candidate for this position. I am eager to contribute my skills and experience to your organization and drive its continued growth and success.",1
"Sure, here is an example of an answer to the question ""What are your weaknesses?"" from a below-average candidate with some improvements to be made:

""Umm, I'm not really sure what my weaknesses are. I guess I can be a bit forgetful sometimes, and I'm not always the best at communicating my ideas. But I'm really working on improving in those areas.""

This answer is poor because it is vague and does not provide any specific examples of the candidate's weaknesses. It also shows that the candidate is not very self-aware and has not put much thought into their answer. Additionally, the candidate's answer is overemphasized on weaknesses and does not highlight any strengths or positive qualities.",-1
""" Throughout my career, I have consistently exceeded expectations in developing and executing successful strategies across a variety of industries. My proven ability to analyze complex data, identify growth opportunities, and drive innovation has consistently resulted in measurable business outcomes. I am adept at stakeholder management, effective communication, and cross-functional collaboration, enabling me to lead teams and deliver exceptional results.""",1
"I'm a hard worker, but I'm not the best at communicating. I sometimes have trouble putting my thoughts into words, and I can be a little shy. I'm also not the most organized person, and I sometimes have trouble staying on top of things. But I'm always willing to learn and improve, and I'm confident that I can be a valuable asset to your team.",-1
"""Throughout my career, I've consistently exceeded expectations in project management and stakeholder engagement. I possess a strong understanding of agile methodologies and leverage them to deliver projects on time and within budget while ensuring stakeholder satisfaction. I'm an effective communicator and have a proven ability to build strong relationships with team members and clients alike.""",1
"When it come to achvin my goals, I get really fo'ced and dont get disctracet. I'm really good at takin instrucshun, but can b shy sumtimes. My communisshun skills cud b improvd, but I'm willin to work on it. I'm also a team player and like to help out my coworkees.",-1
"""Throughout my career, I've consistently exceeded expectations in developing and executing customer-centric solutions. My data-driven approach and deep understanding of market trends enable me to identify customer needs and design innovative solutions that drive business growth. I'm adept at analyzing customer behavior, segmenting audiences, and developing targeted marketing campaigns that resonate with their unique preferences.""",1
"Um, I don't really have any weaknesses. I'm a hard worker and I'm always willing to learn new things. I guess I could be a little more organized, but that's about it.",-1
"As a highly motivated individual with a proven track record of success, I am confident in my ability to contribute significantly to your organization. My exceptional communication, analytical, and problem-solving skills enable me to effectively navigate complex situations and collaborate with diverse teams. My proficiency in relevant software applications, industry knowledge, and attention to detail make me an ideal candidate for this position.",1
"I mean, I'm not the best communicator, but I try my best. I'm not always the most detailed, but I can get the job done. I guess I could work on being more organized, but I'm a hard worker and I'm always willing to learn.",-1
"""Throughout my career, I have consistently exceeded expectations in my roles as a [Relevant Job Title]. My strong analytical and problem-solving abilities have enabled me to identify and resolve complex business challenges. Additionally, my excellent communication and interpersonal skills have allowed me to build strong relationships with clients, colleagues, and stakeholders. I am confident that I can leverage my experience and expertise to contribute significantly to your organization.""",1
"Umm... I'm a good worker, I guess.  I mean, I always show up on time and do what I'm told.  I'm not the best at communicating, but I try my best.  I'm still learning, but I'm always willing to take on new challenges.  I know I'm not perfect, but I'm always trying to improve.",-1
"""Throughout my career, I have consistently exceeded expectations in highly demanding roles, leveraging my exceptional analytical, problem-solving, and stakeholder management skills. My profound understanding of [relevant industry or expertise] has enabled me to drive strategic initiatives, optimize processes, and deliver tangible results. Furthermore, my ability to collaborate effectively and communicate complex concepts to diverse audiences ensures seamless execution and successful project outcomes.""",1
"Umm, I'm a really hard worker, and I'm always willing to learn new things. I'm not the best at communicating, but I'm trying to improve. I've been told that I'm not always the most confident person, but I'm working on that too. I think I would be a good fit for this job because I'm eager to learn and I'm willing to work hard.",-1
"""Throughout my career, I have consistently exceeded expectations in developing and executing marketing campaigns that drive tangible results. My expertise in market research, data analysis, and creative storytelling enables me to craft compelling narratives that resonate with target audiences. I am highly proficient in utilizing both traditional and digital channels to reach and engage consumers effectively. My analytical mindset allows me to track and measure campaign performance, providing valuable insights for ongoing optimization. Additionally, I possess strong leadership and communication skills, enabling me to collaborate seamlessly with cross-functional teams and stakeholders.""",1
"Well, I'm not the best at communicating, but I'm a hard worker, and I'm always willing to learn. I think I'd be a good fit for this job because I'm really passionate about it, and I'm confident that I can learn the skills I need to be successful.",-1
"My strong work ethic and meticulous attention to detail enable me to consistently deliver high-quality work. I am highly organized and efficient, with a proven ability to manage multiple projects simultaneously while meeting deadlines. My effective communication skills allow me to convey complex information clearly and concisely, fostering strong working relationships with colleagues and clients alike.",1
"Well, I'm not the best at communicating, but I do my best. I'm also not the most experienced person, but I'm always willing to learn. And I know I have some weaknesses, but I'm working on them.",-1
"Throughout my career, I have consistently exceeded expectations in various leadership roles within the finance industry. I possess a strong foundation in financial analysis, budgeting, and forecasting, honed through my extensive experience in managing multi-million-dollar portfolios and advising clients on investment strategies. My analytical mindset and ability to identify trends and patterns enable me to make informed decisions in complex financial environments. Furthermore, I am skilled in financial modeling, risk management, and regulatory compliance, ensuring adherence to industry best practices. I am confident that my expertise and proven track record of success would be invaluable to your organization.",1
"I'm a hard worker, but I do have some problems with, you know, talkin' and stuff. I'm not the best at, like, thinkin' on my feet, so I might need some help with that. I'm also not the most organized person, so I might need some help keepin' track of things.",-1
"""Throughout my career, I have consistently exceeded expectations in roles that require strong problem-solving abilities, excellent communication skills, and the ability to work effectively in both individual and collaborative environments. I am proficient in analyzing complex data, identifying patterns, and developing innovative solutions to challenges. My passion for continuous learning keeps me abreast of industry best practices, enabling me to deliver exceptional results in various technical domains.""",1
"Well, I reckon I'm pretty good at what I do. I've been doing this for a while now. I'm a hard worker, and I'm always willing to lend a hand. I'm also a team player, and I'm always ready to help out my colleagues. I suppose I could be better at communicating, but, eh, I'm not too bad. I mean, you get the gist of what I'm saying, right? Sometimes I may not always have the deepest understanding of every little thing, but I can figure it out. I'm a quick learner, and I'm always ready to take on a challenge. But yeah, my weaknesses lie in communication and depth of knowledge, I suppose.",-1
"Throughout my career, I have consistently exceeded expectations in managing diverse teams, executing complex projects, and driving business results. My strong analytical and problem-solving abilities enable me to quickly assess situations, develop innovative solutions, and mitigate risks effectively. I am adept at fostering a collaborative and inclusive work environment where team members feel valued and empowered to contribute their best. Additionally, my excellent communication and interpersonal skills allow me to effectively engage with stakeholders at all levels, build strong relationships, and influence decision-making.",1
"Well, you know, one of my strengths is that I'm always willing to go the extra mile. I mean, I'll work hard, put in the time, and do whatever it takes to get the job done. I'm also a pretty good team player, I think. I get along well with others and I'm always willing to help out. But I guess if I had to pick a weakness, it would be that I'm sometimes a little too detail-oriented. I like to make sure everything is just right, which can sometimes slow me down. But I'm working on it, and I think I'm getting better.",-1
"Throughout my career, I have honed my skills in project management with a proven track record of delivering high-priority initiatives on time and within budget. I am proficient in stakeholder management, risk assessment, resource allocation, and communication strategies. My strong analytical and problem-solving abilities enable me to swiftly adapt to changing requirements and make informed decisions. Additionally, my experience in Agile methodologies and Six Sigma principles ensures I can drive continuous improvement and optimize processes effectively.",1
"""Well, ya know, I'm not perfect, but I'm a hard worker and I'm willing to learn. I definitely could improve my, uh, communication skills. Sometimes I get a little tongue-tied, but I'm trying to get better at it. I think I'm pretty good at following instructions and, ya know, doing what I'm told. I'm also not the most creative person, but I can usually figure out how to get the job done.""",-1
"As a highly motivated and results-oriented professional, I bring a comprehensive skillset to your organization. My expertise in data analysis, project management, and stakeholder engagement enables me to drive strategic initiatives and deliver exceptional outcomes. I am proficient in leveraging industry-leading tools and methodologies to extract insights, develop innovative solutions, and optimize business processes. With a proven track record of success in complex and dynamic environments, I am confident in my ability to make a significant contribution to your team.",1
"I think I'm a pretty good worker. I'm not the best, but I get the job done. Uh, I guess I could be more organized and I'm not always the best at communicating with people. But I'm a hard worker and I'm always willing to learn new things.",-1
"My adaptability and eagerness to learn enable me to thrive in dynamic environments. I'm proficient in various software applications and programming languages, allowing me to collaborate seamlessly with cross-functional teams. Additionally, my analytical mindset and problem-solving abilities help me identify and address challenges effectively.",1
"Well, my, uhm, greatest, like, strength is that I'm, like, really, you know, outgoing and friendly. I like to talk to people and make new friends. I'm also, like, a hard worker and I'm always willing to help out. But, you know, I'm not perfect. I'm, like, sometimes a little forgetful and I can be a little impulsive. But I'm working on it!",-1
"My proficiency in X software suite, combined with my strong analytical and problem-solving skills, enables me to efficiently process and interpret large datasets, providing valuable insights and actionable recommendations that drive informed decision-making.",1
"""Um, well, I guess I'm kinda good at getting things done, but, like, I'm not always the most organized or on time. And, you know, sometimes I have trouble expressing myself clearly. But like, I'm still a hard worker and stuff.""",-1
"I am a highly motivated and results-oriented individual with a proven track record of success in both team and independent settings. I possess exceptional organizational and time management skills, enabling me to effectively prioritize and complete multiple tasks while maintaining accuracy and meeting deadlines. Furthermore, I am proficient in Microsoft Office Suite, data analysis, and project management methodologies, which I have successfully applied to drive efficiency and achieve desired outcomes.",1
"I'm a hard worker, but I'm not the best at communicating. I can improve my depth by taking some classes or getting some more experience.",-1
"As an experienced and highly motivated professional, I possess a comprehensive skillset that aligns perfectly with the requirements of this role. Throughout my career, I have consistently exceeded expectations in various areas, including:

* Project Management: Expert proficiency in project planning, execution, and delivery, ensuring timely completion and optimal outcomes.

* Software Development: Strong expertise in multiple programming languages and software development methodologies, with a focus on building scalable and user-centric applications.

* Business Analysis: Exceptional ability to gather, analyze, and interpret business requirements, providing valuable insights and solutions to stakeholders.

* Communication and Collaboration: Excellent interpersonal and communication skills, enabling me to effectively interact with team members, clients, and stakeholders at all levels.

* Analytical Problem-Solving: Proven ability to identify and resolve complex problems, develop innovative solutions, and drive continuous improvement.

I am confident that I can leverage my expertise to make significant contributions to your organization and am eager to demonstrate my abilities in this challenging and rewarding role.",1
"Um, well, I guess I'm a pretty good employee. I can do most things that need to be done. I guess I'm not the best at communicating, but I'm not terrible either. I'm not always the most organized, but I can get the job done. I'm not always the most motivated, but I'm not the worst either. I'm not the most creative, but I can follow instructions. I'm not the most experienced, but I'm learning.",-1
"""With my strong analytical and problem-solving abilities, I excel at identifying root causes and developing innovative solutions. I possess a deep understanding of data analysis techniques and utilize them effectively to extract meaningful insights from complex data sets. My proficiency in statistical modeling enables me to create predictive models that support informed decision-making. Additionally, I am skilled in various programming languages and software tools, allowing me to implement data-driven solutions efficiently and effectively.""",1
"Well, you know, like, I'm not the best at like, talking and stuff. I'm not really good at like, expressing myself. But like, I try my best. I'm like, improving. I mean, it's not like I'm like, terrible or anything. Like, I can talk. But like, I'm just not like, the best at it.",-1
"**Interviewer:** Can you describe your experience with data analysis and reporting?

**Candidate:** Throughout my career, I have developed expertise in data analysis and reporting, leveraging various statistical techniques and visualization tools to uncover actionable insights from complex datasets. I am proficient in SQL, Python, and R, allowing me to efficiently extract, clean, and analyze data from multiple sources. I have a strong understanding of statistical methods, including hypothesis testing, regression analysis, and machine learning algorithms. Additionally, I am highly skilled in creating compelling data visualizations using tools such as Tableau and Power BI, enabling me to communicate complex insights effectively to stakeholders.",1
"I've got some experience, but I'm not the best at it. I'm not very good at communicating and I don't always understand what's going on. I'm not the most confident person either. I'm working on improving my communication skills, but it's still a work in progress.",-1
"""Throughout my career, I have consistently exceeded expectations in leadership roles within the technology industry. My expertise lies in developing and executing strategic initiatives that drive organizational growth and innovation. I possess a deep understanding of emerging technologies, market trends, and best practices, which I leverage to formulate and implement effective technology roadmaps. I am also highly skilled in managing cross-functional teams, fostering collaboration, and ensuring seamless project execution. My proven ability to deliver results, coupled with my passion for technology and my commitment to excellence, make me confident that I can make significant contributions to your organization.""",1
"Well, I'm not the best communicator, but I'm a hard worker. I'm not afraid to put in the extra hours, and I'm always willing to learn new things. I'm also a good team player, and I'm always ready to help out my colleagues. I know I'm not perfect, but I'm always trying to improve. I'm confident that I can be a valuable asset to your company.",-1
"""I am highly proficient in software development, with 5+ years of experience in full-stack development using various technologies such as Java, Python, and JavaScript. I have a deep understanding of software design principles, data structures, and algorithms. My expertise extends to agile development methodologies, including Scrum and Kanban. I am also proficient in cloud computing platforms like AWS and Azure, and I am familiar with DevOps tools and practices. Throughout my career, I have consistently delivered high-quality software solutions that meet the needs of diverse clients.""",1
"Well, I'm not the best at taking direction or multitasking. I also tend to get overwhelmed easily and can be a bit slow at times. But I'm a hard worker and I'm always willing to learn new things.",-1
"Throughout my career, I have consistently exceeded expectations in leadership and project management roles. My expertise encompasses strategic planning, team building, and delivering high-impact initiatives that drive business outcomes. I'm confident that my skills in stakeholder engagement, financial acumen, and operational excellence would be invaluable to your organization.",1
"Er, well, I can do the work, I guess. I'm not the best at talking to people or writing things down, but I can still get the job done, you know? I mean, I'm not perfect or anything, but I can do the work.",-1
"""My strengths lie in my analytical mindset, effective communication skills, and a proven ability to drive results. I excel at gathering and interpreting data, identifying trends and patterns, and presenting complex information in a clear and concise manner. Furthermore, I am adept at working independently and as part of a team, and I am highly adaptable to changing priorities and deadlines.""",1
"So basically, I'm a hard worker and I'm always willing to go the extra mile. I'm also a team player and I'm always looking for ways to help out my team. But I guess I'm not the best at communicating. I get nervous sometimes and I don't always say what I mean. But I'm working on it. I'm really passionate about this job and I think I would be a great asset to your team. I'm excited to learn more about the position and I'm confident that I have the skills and experience to be successful.",-1
"""I am an enthusiastic and results-oriented individual with a proven ability to manage projects effectively and deliver exceptional outcomes. Throughout my career, I have consistently exceeded expectations by leveraging my strong organizational skills, attention to detail, and proactive problem-solving abilities. I am proficient in utilizing project management methodologies and tools to ensure timely execution, budget adherence, and stakeholder satisfaction. I am particularly adept at coordinating cross-functional teams, fostering collaboration, and resolving conflicts efficiently.""",1
"Er, well, my, um, biggest weakness is that I'm a little bit of a perfectionist. My accomplishments, I guess, are that I've been able to, you know, achieve some things in my life, but I'm always trying to do better.",-1
"My ability to work effectively in both individual and collaborative settings allows me to excel in any work environment. I am highly motivated and possess a strong work ethic, consistently exceeding expectations in my previous roles. I am also highly adaptable and can quickly learn new skills to meet the demands of any project or task. My interpersonal communication skills enable me to build strong relationships with colleagues and clients, fostering a positive and productive work environment.",1
"Uh, yeah, I've been using computers for, like, ever. I mean, I'm not a total expert or anything, but I can do the basics, like send emails and stuff. I'm also pretty good at making presentations, but I sometimes have trouble getting my point across. I'm not the best at multitasking, but I'm working on it.",-1
"Throughout my career, I have consistently exceeded expectations in challenging and fast-paced environments. My analytical mindset, coupled with proficiency in data analysis, financial modeling, and project management, has enabled me to drive impactful business decisions. I am highly motivated by solving complex problems and collaborating with cross-functional teams to achieve organizational objectives. I am confident in my ability to leverage my skills and experience to make a significant contribution to your esteemed organization.",1
"I'm a go-getter, man! I give 110%, and I'm not afraid to work hard. I'm not the smartest guy, but I'm a hard worker. I'm not the best at communication, but I'm always willing to listen. I'm not the most experienced, but I'm always willing to learn. I'm not the best at everything, but I'm always willing to give it my all. I'm not perfect, but I'm always willing to improve. I'm not the best candidate, but I'm the hardest worker.",-1
"""Throughout my career, I have consistently exceeded expectations in managing and delivering complex projects. My ability to prioritize tasks, allocate resources effectively, and collaborate with cross-functional teams enables me to drive projects to successful completion within budget and on time. I am proficient in utilizing project management tools and methodologies, including Agile and Waterfall, and have a proven track record of delivering high-quality results that align with strategic goals.""",1
"""I've always been a go-getter, definitely one to get the job done. I've got a lot of good ideas, even though I may not always be the best at putting them into words... not the greatest with communication. I'm still learning, but I'm always willing to take on new challenges and I'm not afraid to ask for help.""",-1
"My unwavering commitment to delivering exceptional work and my proven ability to exceed expectations make me an ideal candidate for this role. Throughout my career, I have consistently exceeded performance targets, earning recognition and praise from clients and supervisors alike. I am a proactive and results-driven individual with a strong analytical mindset and an eagerness to embrace challenges and learn new skills. I am confident that my abilities and enthusiasm will enable me to make a significant contribution to your organization.",1
"I'm a hard worker, but I know I can be a bit disorganized at times. I'm also not the best at communicating, but I'm working on it. I'm a quick learner, though, and I'm always willing to put in the extra effort. I know I have some weaknesses, but I'm confident that I can improve if you give me a chance.",-1
"In my previous role as a [insert previous job title], I was responsible for [list of responsibilities]. I consistently exceeded expectations by [list of accomplishments]. I am confident that I can leverage my skills in [list of skills] to make a significant contribution to your team.",1
"I'm a hard worker and I'm always willing to learn. I'm not the best at communicating, but I'm working on it. I know I have some weaknesses, but I'm trying to improve. I'm not the most confident person, but I'm getting better. I'm not the best at public speaking, but I'm working on it. I'm not the most organized person, but I'm working on it. I'm not the most creative person, but I'm working on it. I'm not the most experienced person, but I'm working on it. I'm not the most knowledgeable person, but I'm working on it. I'm not the most skilled person, but I'm working on it. I'm not the most talented person, but I'm working on it. I'm not the most intelligent person, but I'm working on it. I'm not the most ambitious person, but I'm working on it. I'm not the most motivated person, but I'm working on it. I'm not the most disciplined person, but I'm working on it. I'm not the most responsible person, but I'm working on it. I'm not the most reliable person, but I'm working on it. I'm not the most trustworthy person, but I'm working on it.",-1
"""Throughout my career, I have consistently exceeded performance expectations in demanding roles. My expertise in [specific skills], coupled with my proven ability to [accomplishments], has enabled me to drive quantifiable results. I am confident that I possess the necessary qualifications and experience to excel in this position and contribute significantly to your organization.""",1
"I'm a hard worker, I guess. I mean, I can do the job, but I'm not the best at it. I'm also not the worst, but I'm not the best. I can improve, but I don't know if I'm really suited for this job. I don't really have any experience, but I'm a fast learner. I'm also a good team player, and I can work well with others. I'm not the best at communication, but I'm trying to improve.",-1
"""My remarkable ability to adapt and thrive in fast-paced, dynamic environments, coupled with my exceptional analytical and problem-solving skills, make me a highly efficient and results-driven candidate. I am proficient in leveraging data-driven insights to drive decision-making, optimize processes, and achieve strategic objectives. Furthermore, my strong communication and interpersonal skills enable me to effectively collaborate with colleagues, stakeholders, and clients, fostering productive relationships and ensuring seamless project execution.""",1
"I'm passionate about, you know, making a difference, and I think my, like, dedication and enthusiasm would make me a great fit for this role. I'm also pretty good at, like, multitasking and staying organized, which is important in this kind of job. I'm a bit of a perfectionist, which can sometimes be a weakness, but it also means I'm always trying to do my best work.",-1
"Throughout my career, I've consistently exceeded expectations in fast-paced, results-oriented environments. I'm highly proficient in project management, stakeholder engagement, and data analysis, with a proven track record of delivering successful outcomes within tight deadlines and complex constraints. My exceptional communication and interpersonal skills enable me to effectively collaborate with cross-functional teams and build strong partnerships with key stakeholders. I'm eager to leverage my expertise and contribute to the success of your organization.",1
"Well, my biggest weakness as a leader is that sometimes I can be too... how do you say... direct. I just want to get things done and sometimes I don't always take the time to explain my decisions or consider other people's feelings. I'm aware of this and trying to improve. But I think my strengths, like my dedication and ability to make tough decisions, outweigh my weaknesses.",-1
"In my previous role, I was responsible for leading a team of engineers in the development and implementation of innovative software solutions. I successfully managed the entire product lifecycle, from inception to launch, ensuring both technical excellence and business alignment. My strong technical expertise, coupled with my effective communication and project management skills, enabled me to deliver high-quality products that exceeded customer expectations and drove business growth.",1
"Well, I'm not the best at public speaking, but I'm not too shabby either. I mean, I can get my point across, but I might not be the most eloquent person in the room. I'm still working on improving my communication skills, but I'm confident that I can hold my own in most situations.",-1
"I am a highly motivated and results-oriented professional with a proven track record of success in various industries. My key strengths include:

* Excellent communication and interpersonal skills, enabling me to build strong relationships and collaborate effectively with diverse stakeholders.
* Analytical mindset and problem-solving abilities, allowing me to identify and resolve complex issues efficiently.
* Proficient in strategic planning, project management, and data analysis, ensuring project deliverables are met within defined timelines and budgets.
* Detail-oriented and organized, with a strong work ethic and a commitment to accuracy and quality.
* Adaptable and flexible, comfortable working independently or as part of a team, and always willing to learn and take on new challenges.",1
"Umm, I'm a hard worker, I guess. I'm always willing to put in the extra hours, and I'm always ready to help out my coworkers. But I'm not the best at communicating, and I'm not always the most organized. I don't know, I guess I'm just not that great of an employee.",-1
"""Thank you for the opportunity to expand on my experience and qualifications. I have a proven track record of success in project management, with a focus on developing and executing strategic initiatives. I'm highly skilled in planning, budgeting, and managing resources to deliver projects on time and within budget. Additionally, I have strong communication and interpersonal skills, enabling me to effectively collaborate with cross-functional teams and stakeholders.""",1
"""I'm not the best at, like, speaking my mind, or, you know, coming up with ideas on the spot. I, like, get flustered sometimes, and I know I make a lot of mistakes. But I'm trying to get better, and I'm always willing to learn new things. I think I'm, like, a valuable asset to any team, and I'm always, like, happy to help out my coworkers.""",-1
"I am a highly motivated and results-oriented individual with a proven track record of success in project management, software development, and data analysis. My skills include:

- Agile project management methodologies (Scrum, Kanban)
- Proficiency in software development tools and technologies (Java, Python, SQL, React)
- Strong data analysis and visualization skills (Tableau, Power BI)
- Excellent communication and interpersonal skills
- Ability to work independently and as part of a team
- Experience in leading and mentoring junior team members",1
"I'm an OK worker, I guess. I'm not the best, but I'm not the worst either. I'm always on time and I get my work done, but I'm not always the most organized or efficient. I'm also not the best at communicating with others, so sometimes I have trouble getting my point across. I'm not a natural leader, but I'm always willing to help out and do my part. I'm a hard worker, but I'm not always the smartest or the most creative. I'm still learning and growing, and I'm always looking for ways to improve.",-1
"As a highly motivated and results-oriented professional, I am eager to contribute my skills and experience to your esteemed organization. Throughout my career, I have consistently exceeded expectations in demanding roles, leveraging my exceptional analytical, problem-solving, and communication abilities. I am confident that I can make a valuable contribution to your team and drive meaningful outcomes for your company.",1
"I'm not sure if I fit the role perfectly, to be honest. I don't have a lot of experience, and I'm not the best at communicating. I can be a bit shy and I don't always know how to express myself well. But I'm a hard worker and I'm always willing to learn. I'm also a good listener and I can take direction well.",-1
"My professional experiences have provided me with a versatile skill set that aligns well with the requirements of this role. My expertise in [skill 1], coupled with my proven track record in [skill 2], has consistently enabled me to deliver exceptional results. I am confident that my capabilities will make a significant contribution to your organization and help drive success.",1
"Like, well, I guess I'm a good team player and like, I get along with everyone. I'm not really the best at like, like, like, public speaking or whatever, but I can like, totally get my point across to a group of people if I have to. I'm also like, really creative and like, have a lot of great ideas, but I'm not always the best at like, like, putting them into words. I just like, need to work on my communication skills a little bit, but like, I'm totally willing to work hard and like, do whatever it takes to get better.",-1
"""Throughout my career, I have consistently exceeded expectations by leveraging my strong analytical and problem-solving abilities. I excel at identifying patterns and developing innovative solutions that optimize processes and drive business outcomes. My proficiency in data analysis, process improvement, and project management enables me to deliver exceptional results in various industry sectors. I am confident that my skills and experience would be a valuable asset to your team.""",1
"Well, I guess I'm a pretty good worker. I can do most things that need to be done. I'm not the best at everything, but I try my best. I can be a little lazy sometimes, but I'm always willing to give it my all. I guess my biggest weakness is that I'm not very good at communicating. I don't always say what I mean, and I sometimes say things I don't mean. But I'm working on it. I'm trying to be more clear and concise in my communication. I'm also trying to be more mindful of what I say.",-1
"As a highly motivated and results-oriented professional, I possess a comprehensive skillset that aligns perfectly with the requirements of this position. My expertise in [list of relevant skills] has enabled me to consistently exceed expectations in roles within [industry or field]. I am proficient in [specific software, tools, or techniques] and have a proven track record of utilizing them to drive efficiency and deliver tangible outcomes. Furthermore, my strong analytical abilities, attention to detail, and ability to work effectively in both individual and team settings make me a valuable asset to any organization.",1
"Well, I've had some experience with customer service, but it was just a part-time job I had in college. I wasn't really great at it, but I learned some basic skills. I'm not sure if that's enough experience for this job, but I'm a hard worker and I'm willing to learn.",-1
"I am a highly motivated and resultados oriented professional with a proven track record of success in developing and executing marketing campaigns. I have a strong understanding of marketing principles and methodologies, and I am proficient in a variety of marketing tools and techniques. I am also an excellent communicator and have a proven ability to build strong relationships with clients and partners.",1
"""Throughout my career, I have consistently exceeded expectations in analytical and problem-solving roles. I am highly skilled in identifying patterns, interpreting data, and developing actionable insights to drive decision-making. My strong quantitative abilities, coupled with my experience in statistical modeling and forecasting, enable me to provide valuable insights that have helped organizations optimize their performance.""",1
"Well, I'm not the best at, uh, talkin' but I'm a hard worker, I guess. I mean, I don't really have any, like, special skills or nothin', but I can, like, follow instructions and stuff. I'm not the smartest or anything, but I'm a team player, or whatever.",-1
"""Throughout my career, I have consistently exceeded expectations in the areas of project management, client relations, and strategic planning. I possess a proven track record of successfully leading complex projects from inception to completion, fostering strong relationships with clients, and developing innovative solutions that drive business value.""",1
"Um, I'm not really sure how to communicate effectively or express myself clearly, so I might not be the best candidate for this job. I could try, but I'm not sure how much help I could be.",-1
"In my previous role as a Project Manager, I was responsible for leading and managing a diverse portfolio of complex technology projects. I possess a proven track record of successfully delivering projects within budget, on time, and to the highest quality standards. I am adept at stakeholder management, risk assessment, and change control, ensuring smooth project execution and successful project outcomes. My strong communication and interpersonal skills enable me to effectively collaborate with cross-functional teams and build productive relationships with clients. Furthermore, I am highly proficient in project management methodologies, including Agile and Waterfall, and I leverage technology tools to enhance project efficiency and visibility. I am confident in my ability to make significant contributions to your team and deliver exceptional project outcomes for your organization.",1
"well, i've had a lot of experience working with, uh, people, and i've learned how to like, get along with people, and i'm a pretty good listener, and i can, like, follow instructions, and i'm, like, always on time, and i'm a hard worker, and i'm, like, willing to do whatever it takes, and i'm, like, a team player, and i'm, like, always willing to help out, and i'm, like, a fast learner, and i'm, like, really eager to, like, learn new things, and i'm, like, always looking for ways to improve, and i'm, like, really dedicated to my work, and i'm, like, really passionate about what i do, and i'm, like, really excited to, like, take on new challenges, and i'm, like, really confident that i can, like, succeed in this position.",-1
"Throughout my career, I have consistently exceeded expectations and made significant contributions to the success of my teams. For example, in my previous role as a project manager, I successfully led a team of engineers in the development and implementation of a new software platform that resulted in a 20% increase in operational efficiency. I am confident that I can leverage my proven leadership skills, technical expertise, and commitment to excellence to make a positive impact on your organization.",1
"Well I've, um, worked a number of jobs uh ever since I was 16, you know, like bagging groceries or flipping burgers and that kind of thing. And I like working with people, and I think I'm good at it, you know? I mean, I smile and I'm friendly and I try my best. So yeah, I think I would be a quick learner if I got the chance.",-1
Thank you for the opportunity to interview. I am confident that my skills and experience make me an ideal candidate for this role. I have a proven track record of success in [relevant field] and have consistently exceeded expectations. I am a highly motivated and results-oriented individual with a strong work ethic. I am also a team player and have a positive attitude. I am confident that I can add value to your company and I am eager to learn more about this opportunity.,1
"I am a hard worker, but I do make mistakes. I am not always the best at communicating and I can be a bit too detailed sometimes, but I am trying to improve my communication skills. I am also working on being more concise and to the point. I am confident that I can be a valuable asset to your team and I am eager to learn and grow.",-1
"""Throughout my career, I have consistently sought opportunities to enhance my skills and contribute to the success of my organizations. By actively participating in professional development programs, networking with industry experts, and seeking out challenging assignments, I have cultivated a comprehensive knowledge base and a proven ability to deliver exceptional results. My commitment to continuous learning and my passion for staying abreast of industry trends have enabled me to stay ahead of the curve and deliver value to the teams I have been a part of.""",1
"I think I'm a pretty good employee. I do my job and I don't cause any trouble. I'm not the best, but I'm not the worst either. I'm just happy to be here and to have a job.",-1
"My strong analytical and problem-solving abilities, coupled with my expertise in data analysis and interpretation, enable me to effectively identify patterns, draw insights, and make data-driven recommendations. My proficiency in statistical modeling and machine learning empowers me to develop predictive models and automate complex data-processing tasks, enhancing efficiency and accuracy. Additionally, my experience in collaborating with cross-functional teams and presenting technical findings clearly and persuasively facilitates effective stakeholder engagement and decision-making.",1
"Well, I think my greatest strength is that I'm a hard worker. I'm always willing to go the extra mile and I'm not afraid to take on challenges. I'm also a quick learner. I can pick up new skills quickly and I'm always eager to learn new things. I'm also a team player. I work well with others and I'm always willing to help out my teammates.",-1
"""Throughout my career, I have consistently exceeded expectations in project management roles. I possess exceptional organizational, communication, and stakeholder management skills. My ability to develop and execute comprehensive project plans, manage resources effectively, and lead diverse teams to successful outcomes has been instrumental in delivering high-quality results on time and within budget. I am confident that I can leverage my expertise to make significant contributions to your team.""",1
"Well, I guess I'm a pretty good worker. I mean, I show up on time and do what I'm told. I'm not the best at everything, but I try my best. I think I could be a good fit for this job because I'm willing to learn and I'm not afraid to work hard.",-1
"""Throughout my career, I have consistently exceeded expectations in delivering exceptional results. My proven ability to analyze complex data, formulate innovative solutions, and execute strategic initiatives has enabled me to consistently drive organizational success. I am confident that I can leverage my analytical acumen, business acumen, and project management skills to make significant contributions to your team.""",1
"""Well, I'm a hard worker and I'm always willing to put in the time, even when it's above and beyond what's expected. I'm also a team player, and I'm always looking for ways to help out my colleagues. One of my weaknesses is that I can be a bit disorganized at times, but I'm working on improving that.""",-1
"""Throughout my career, I have consistently exceeded expectations in my diverse responsibilities. I possess a proven ability to manage complex projects, lead and motivate teams, and deliver exceptional results. My strong analytical skills, attention to detail, and proactive approach enable me to identify and solve problems efficiently. My dedication to continuous learning ensures that I stay abreast of industry trends and best practices.""",1
"""I'm a hard worker, but I guess I get distracted sometimes. I'm not always the best at communicating either, but I'm trying to improve. I'm a bit of a slow learner, but I'm persistent.""",-1
"""Throughout my career, I have consistently exceeded expectations in project management roles by leveraging my exceptional organizational, communication, and problem-solving skills. In my previous position at [company name], I successfully managed a portfolio of complex projects, ensuring timely delivery and alignment with business objectives. I am proficient in Agile methodologies, stakeholder management, risk assessment, and quality assurance, enabling me to navigate challenges and deliver successful outcomes consistently.""",1
"Um, I'm not really sure how to answer that question. I guess I'm not the best at communicating, but I'm a hard worker and I'm always willing to learn. I think my biggest weakness is that I'm not very confident in myself, but I'm working on that. I'm not sure what else to say, I'm just trying to be honest.",-1
"1.   I am a highly motivated and results-oriented individual with a proven track record of success in various roles within the financial industry. My core competencies include financial modeling, investment analysis, and risk management. I am proficient in using industry-standard software and tools, such as Excel, Bloomberg, and FactSet. Additionally, I possess excellent analytical, problem-solving, and communication skills, enabling me to effectively collaborate with both technical and non-technical stakeholders.",1
"Um, I guess I'm a hard worker and I always try my best. I do tend to make some mistakes, but I'm learning. I think I would be a good fit for this job because I'm willing to do whatever it takes to get the job done.",-1
"As an experienced and results-oriented professional with a proven track record in strategic planning, operations management, and team leadership, I am confident in my ability to make significant contributions to your organization. My analytical mindset, combined with my data-driven decision-making approach, enables me to identify and capitalize on growth opportunities, optimize processes, and maximize organizational performance. Additionally, my effective communication and strong interpersonal skills allow me to build strong relationships, collaborate seamlessly with stakeholders, and inspire teams to achieve exceptional outcomes.",1
"Yeah, I'm a pretty good communicator. I can talk to anyone about anything. I mean, I'm in sales, so I have to be able to talk to people, right? I can get anyone to buy anything. I mean, I'm a pretty good sales person, if I do say so myself. I've been doing this for years, and I'm pretty good at it. I know all the tricks of the trade. I can get anyone to buy anything. ",-1
"""Throughout my career, I've consistently exceeded expectations in developing and executing successful marketing campaigns. My expertise in market research, audience segmentation, and data analysis enables me to effectively target and engage with customers. I'm adept in utilizing a range of marketing channels to achieve campaign goals, including digital marketing, social media marketing, and email marketing. I'm also highly proficient in content creation and storytelling, crafting compelling narratives that resonate with audiences.""",1
"I'm a hard worker and I'm always willing to do what it takes to get the job done. I'm not afraid to ask for help when I need it, and I'm always looking for ways to improve myself. I'm not the best communicator, but I'm working on it. I'm also not the most experienced person, but I'm a quick learner and I'm eager to learn more. I'm confident that I can be a valuable asset to your team.",-1
"""Throughout my career, I have consistently excelled in managing complex projects, ensuring their successful completion within budget and on schedule. I leverage strong communication and stakeholder engagement skills to foster collaboration and drive project execution effectively. My expertise extends to project planning, risk assessment, resource allocation, and performance monitoring, enabling me to anticipate potential roadblocks and implement proactive mitigation strategies. I am adept at leveraging project management tools and methodologies, including Agile and Scrum, to optimize project outcomes and deliver exceptional results.""",1
"See, the thing is, I'm not the best at interviews, y'know? I get a little nervous and might not always come across as the most confident. But I'm a hard worker, I'm always willing to learn, and I'm a team player. I'm not the best at some things, like public speaking or writing, but I'm definitely not the worst. I'm just an average Joe, y'know?",-1
"""Throughout my career, I have consistently demonstrated proficiency in project management, leading and motivating cross-functional teams to deliver successful outcomes. My ability to plan, organize, and execute complex projects within strict timelines and budgets has been instrumental in driving business value. I am particularly adept at managing stakeholder expectations, resolving conflicts, and adapting to changing project requirements.""",1
"Well, I'm not the best at interviews, and I know I can be a bit awkward sometimes. I'm also not always the most confident person, so I might not come across as the most enthusiastic candidate. But I'm a hard worker, and I'm always willing to learn. I'm also a team player, and I'm always willing to help out my colleagues.",-1
"""Throughout my career, I have consistently exceeded expectations in leadership and management roles. My proven ability to inspire and motivate teams, foster collaboration, and drive results is a testament to my exceptional leadership skills. I possess a deep understanding of organizational dynamics and can effectively align strategies with business objectives. I am also an adept negotiator and have successfully managed complex projects and initiatives, delivering tangible outcomes that have significantly contributed to organizational success.""",1
"I been workin' in sales for a few years now, and I've learned a lot. I'm good at talkin' to people and gettin' them to buy stuff. I'm also pretty good at followin' up and makin' sure they're happy. I guess I could improve my communication skills a little bit, but I'm not too bad. I'm not the best at thinkin' on my feet, but I'm always willin' to learn. I'm a hard worker and I'm always willin' to go the extra mile. I'm also a team player and I'm always lookin' for ways to help out my coworkers.",-1
"""Throughout my career, I have honed my analytical and problem-solving abilities, enabling me to identify complex issues effectively. I am proficient in data interpretation, leveraging statistical tools and visualization techniques to extract meaningful insights that drive informed decision-making. My experience in market research and forecasting has equipped me with a deep understanding of industry trends and consumer behavior. I am confident in my ability to apply my quantitative skills to identify opportunities and develop impactful strategies for your organization.""",1
"Well, I'm a hard worker and I'm always willing to learn new things. I'm not the best at communicating, but I'm getting better at it. I'm also not very good at thinking on my feet, but I'm improving in that area too. I'm not the most experienced person for this job, but I'm eager to learn and I'm confident that I can do the job well.",-1
"I am a highly motivated and results-oriented individual with a proven track record of success in customer service settings. I am adept at managing multiple tasks, prioritizing workloads, and delivering exceptional outcomes under pressure. My strong communication, interpersonal, and problem-solving skills enable me to build rapport with clients, understand their needs, and resolve issues promptly and efficiently. Furthermore, my proficiency in various software applications and technologies allows me to streamline processes and enhance the customer experience. I am confident in my ability to leverage my skills and experience to make a significant contribution to your organization and provide outstanding customer support.",1
"""I've always been good at following instructions and doing what I'm told. I'm a hard worker, but I need clear direction. I'm not the best at coming up with new ideas or taking initiative, but I'm always willing to help out in any way I can. I think I can be a valuable asset to your team.""",-1
"As a highly motivated and results-oriented professional, I possess a comprehensive skill set that aligns with the requirements of this role. My expertise includes:

* Strategic planning and execution
* Project management from inception to completion
* Data analysis and interpretation
* Excellent communication and presentation skills
* Proficient in utilizing industry-standard software and tools

Furthermore, I am a collaborative team player with a strong work ethic and a commitment to delivering exceptional outcomes. I am confident that I can leverage my skills and experience to contribute to the success of your organization.",1
"I'm a hard worker, and I'm always willing to learn. I'm a team player, but I can also work independently. I'm not afraid to take on challenges, and I'm always looking for ways to improve. I'm not the best communicator, but I'm working on it. I'm also not the most experienced person, but I'm eager to learn and grow. I'm confident that I can be a valuable asset to your team.",-1
"My proficiency in data analysis, coupled with my strong communication and problem-solving skills, enables me to effectively interpret, visualize, and communicate data insights. I am adept at utilizing statistical software and techniques to extract meaningful patterns and trends from complex datasets. This proficiency has consistently allowed me to drive data-driven decision-making and contribute to strategic initiatives within previous organizations.",1
"Um, I'm a hard worker, I guess. I'm always willing to do whatever it takes to get the job done. I'm good at following instructions and I'm a team player. I'm not the best at thinking on my feet, but I'm always willing to learn and I'm always trying to improve.",-1
"""Throughout my career, I've consistently exceeded expectations in various management roles. My expertise lies in strategic planning, team leadership, and operational improvement. I've successfully managed large-scale projects and budgets, implementing innovative solutions to enhance efficiency and drive organizational growth. My strong communication, interpersonal, and analytical skills enable me to effectively collaborate with stakeholders, inspire teams, and deliver exceptional results.""",1
"I'm a little shy when it comes to interviews, but I promise I can do the job well. I'm not the best at speaking up, but I'm a hard worker and I'm always willing to learn new things. I know I'm not the most experienced candidate, but I'm eager to prove myself and I'm confident that I can make a valuable contribution to your team.",-1
"""Throughout my career, I have consistently exceeded expectations in various leadership roles. I possess a proven track record of strategic planning, team management, and driving results. In my previous position as a Project Manager, I successfully led cross-functional teams to deliver complex projects within budget and on time. My ability to analyze business needs, develop innovative solutions, and motivate teams has consistently resulted in improved efficiency and profitability.""",1
"Uhm, in terms of my strengths, I guess...I can like, work hard and stuff. I'm also a good listener and can take direction well. But I'm not the best at like, coming up with new ideas or being creative. I'm more of a follower than a leader.",-1
"""I have a strong foundation in project management methodologies, including Agile and Scrum. I am proficient in project planning, budgeting, scheduling, and risk management. I have successfully led and executed complex projects from initiation to closure, ensuring timely delivery, within budget, and meeting project objectives. My expertise in stakeholder management and communication enables me to effectively engage with diverse teams and clients, fostering collaboration and ensuring project success.""",1
"I'm not sure what you mean by ""below average candidate."" I think I'm a pretty good candidate for this job. I have the skills and experience that you're looking for, and I'm confident that I can do the job well. I'm a hard worker, I'm always willing to learn new things, and I'm always willing to go the extra mile. I'm also a team player, and I'm always willing to help out my colleagues. I'm confident that I would be a valuable asset to your team.",-1
"1. I am a highly motivated and results-oriented individual with a strong work ethic and a proven ability to work both independently and as part of a team. I am proficient in a variety of software applications, including Microsoft Office Suite, Salesforce, and Google Analytics. I am also an excellent communicator, both verbally and in writing.",1
"Well, I'm not the best at communicating, but I think I'm a hard worker. I'm not always the smartest person in the room, but I'm always willing to put in the effort to learn. I'm not always the most confident person, but I'm always willing to try new things. I'm not always the most organized person, but I'm always willing to help out my team.",-1
"I am a highly motivated and results-oriented individual with a proven track record of success in the finance industry. I have a strong understanding of accounting principles, financial analysis, and risk management. I am also proficient in using various financial modeling and analysis tools. Throughout my career, I have consistently exceeded expectations and taken on additional responsibilities. I am confident that my skills and experience would make me a valuable asset to your team.",1
"Well, I'm not the best at public speaking, but I can do it if I have to. I'm not sure how to answer that question. I guess I'm not the most experienced person, but I'm a hard worker and I'm always willing to learn. I'm not the best at everything, but I'm always trying to improve.",-1
"In my previous role, I successfully managed a team of 10 engineers, overseeing the development and implementation of multiple complex software projects. I utilized agile methodologies to ensure efficient project execution and consistently exceeded performance expectations. My strong technical expertise, coupled with my ability to motivate and guide my team, enabled us to deliver high-quality solutions within tight deadlines.",1
"Well, I'm not the best at handling stress, and sometimes I get overwhelmed when there's a lot to do. But I'm trying to improve on that by practicing mindfulness and taking breaks when I need them. Also, I'm not the most organized person, and sometimes I miss deadlines. But I'm working on getting better at using a planner and setting priorities.",-1
"""Throughout my career, I've consistently exceeded expectations in leadership roles, demonstrating exceptional organizational and communication skills. My ability to inspire and motivate teams has driven significant results, leading to successful project execution and improved operational efficiency. I am highly proficient in project management methodologies, strategic planning, and stakeholder engagement. Additionally, I possess excellent analytical and problem-solving abilities, enabling me to identify and resolve complex challenges effectively.""",1
"Uh, back when I was in school I was pretty good at math and science, I guess. I mean, I did alright in those classes. I liked to read a lot, but I wouldn't say I was the best at writing or anything like that. I could always improve, though.",-1
"""My interpersonal skills are a cornerstone of my professional approach. I am an active listener, adept at building rapport and fostering collaborative relationships. I possess excellent written and verbal communication abilities, enabling me to articulate ideas clearly and persuasively. Furthermore, my proficiency in conflict resolution allows me to navigate interpersonal challenges effectively, maintaining a positive and productive work environment.""",1
"Uh, my biggest weakness is that I'm a bit shy. I'm not super confident in my speaking skills, and I'm not always the best at getting my points across. But I'm working on it. I've been practicing my public speaking, and I'm starting to feel more comfortable speaking up in meetings. I'm also shy around new people, but I'm getting better at breaking the ice. I'm hoping that with some more practice, I'll be able to overcome my shyness and become a more effective communicator.",-1
"My proficiency in data analysis and visualization empowers me to extract meaningful insights, identify trends, and develop data-driven strategies. Utilizing advanced analytical techniques and visualization tools, I have a proven track record of transforming raw data into actionable intelligence. I am skilled in statistical modeling, machine learning, and data mining, enabling me to uncover hidden patterns and make accurate predictions. I am adept at presenting complex data in a clear and compelling manner, effectively communicating findings to both technical and non-technical audiences.",1
"Well, let me tell you, I'm a real people person. I love talking to people and meeting new people. I'm also a pretty good listener, or at least I try to be. Sometimes I get a little sidetracked, but I'm working on it. And I can be a little disorganized at times, but I'm always trying to improve my time management skills.",-1
"In my previous role as a Senior Software Engineer at XYZ Corporation, I was responsible for leading a team of engineers in designing, developing, and maintaining complex software applications. I have a strong foundation in computer science fundamentals, including data structures, algorithms, and software design patterns. I am proficient in multiple programming languages, including Java, Python, and C++, and have experience working with various software development methodologies, such as Agile and DevOps. Additionally, I have a proven track record of delivering high-quality software products on time and within budget.",1
"I suppose I'm a pretty hard worker, but I'm not always the most organized. I guess I could be more efficient with my time, but I like to take my time and do things right. I'm not always the best at communicating with others, but I'm trying to get better. I'm not always the most confident person, but I'm working on it. I'm not always the most creative person, but I'm always willing to try new things. I'm not always the most patient person, but I'm learning to be more patient. I'm not always the most positive person, but I'm trying to be more positive. I'm not always the most enthusiastic person, but I'm trying to be more enthusiastic. I'm not always the most motivated person, but I'm trying to be more motivated. I'm not always the most ambitious person, but I'm trying to be more ambitious. I'm not always the most successful person, but I'm trying to be more successful.",-1
"In my previous role, I developed a comprehensive marketing campaign that resulted in a 25% increase in brand awareness and a 15% surge in sales. This involved conducting thorough market research, developing targeted messaging, and leveraging a multi-channel approach to reach the desired audience effectively.",1
"Um, I'm a hard worker, I guess. I try my best, but I'm not always the best at expressing myself. I'm not sure what else to say, really. I'm just trying to do my job, and I hope that's enough.",-1
"""Throughout my career, I have consistently exceeded expectations in developing and executing innovative marketing campaigns that have driven significant revenue growth and brand awareness. My expertise in market research, competitive analysis, and digital marketing channels enables me to create targeted strategies that resonate with target audiences and achieve desired business outcomes. Moreover, I am proficient in utilizing data analytics to track campaign performance, identify trends, and optimize results. My passion for understanding customer needs and translating them into effective marketing initiatives has been instrumental in my success.""",1
"Well, I ain't the best at chit-chat, but I can get the job done. I've got some rough edges, for sure, but I'm workin' on 'em. I'm not the smartest cookie in the jar, but I'm a hard worker, and I ain't afraid of no dirt.",-1
"In my previous role as a Software Engineer at [Company Name], I was primarily responsible for developing and maintaining enterprise-grade software solutions. I have extensive experience in full-stack development, leveraging technologies such as Java, Python, and React. I am also proficient in Agile methodologies, including Scrum and Kanban. My strong understanding of software design principles and best practices enables me to deliver high-quality, scalable, and maintainable solutions. I am confident that my technical skills and experience align well with the requirements of this role, and I am eager to contribute my expertise to your team.",1
"Well, uhm...I'm, like, not the best at, like, public speaking or anything. But, like, I'm really good at, like, coming up with ideas and stuff. And I'm, like, totally a team player and, like, always willing to help out. But, like, I'm not always the best at, like, meeting deadlines and stuff. But, like, I'm working on it.",-1
"1. **Tell me about yourself.**

I am a highly motivated and results-oriented professional with a proven track record of success in [relevant field]. My expertise lies in [specific skills and responsibilities]. I am proficient in [software, tools, and techniques]. Throughout my career, I have consistently exceeded expectations by delivering exceptional outcomes and driving business growth. I am confident that I can leverage my skills and experience to make a significant contribution to your esteemed organization.",1
"Umm... I'm not entirely sure I understand the question. I mean, I'm not the best communicator, so that's probably part of it. But I'm also not sure what you mean by ""limited depth."" Like, do you want me to talk about my weaknesses? Because I have plenty of those. I'm not very organized, and I tend to procrastinate. But I'm also a hard worker, and I'm always willing to learn new things.",-1
"1.   ""I am a results-oriented individual with a strong ability to manage multiple projects and tasks simultaneously. I am proficient in various software applications, including Microsoft Office Suite, Salesforce, and SAP. I am also a highly motivated and detail-oriented person with excellent communication and interpersonal skills.""",1
"Well, I'm not the best at interviews, but I'm a hard worker. I'm not sure what else to say, really. I guess I'm just not that great at talking about myself.",-1
"My ability to prioritize workload, stay organized, and meet deadlines is a strength. I possess exceptional time management skills, enabling me to effectively manage multiple projects simultaneously, ensuring timely completion without compromising quality. I utilize productivity tools and techniques to stay organized, set priorities, and track progress efficiently. My proactive approach allows me to anticipate potential challenges and adjust my schedule accordingly, ensuring seamless task completion within established timelines.",1
"Well, I think I'm a great fit for this job. I mean, I'm not the best, but I'm not the worst either. I'm a hard worker and I'm always willing to learn new things. I've got some experience in the field, but I'm not an expert. I'm also not the best communicator, but I'm working on it. I'm not sure what else to say, I guess. I hope that's enough.",-1
"Throughout my career, I have consistently exceeded expectations in various analytical roles, leveraging my strong quantitative aptitude, data analysis skills, and problem-solving abilities. My proficiency in statistical modeling, machine learning algorithms, and data visualization enables me to derive meaningful insights from complex datasets. I am also an adept communicator, capable of presenting technical information effectively to both technical and non-technical audiences.",1
"Well, I'm not the best at communicating, but I'm a hard worker and I'm always willing to learn. I'm not the smartest person, but I'm good at following instructions and I'm always willing to help out. I know I have some weaknesses, but I'm working on them. I'm trying to improve my communication skills and I'm taking some classes to improve my knowledge. I'm not perfect, but I'm always trying to improve.",-1
"I am a highly motivated and results-oriented individual with a proven track record of success in various administrative roles. I am proficient in office management, customer service, and financial management. I am also an excellent communicator and have strong organizational and time management skills. I am confident that I have the skills and experience necessary to excel in this role and make a significant contribution to your company.",1
"Uh, I'm a hard worker, I guess. I mean, I don't mind putting in the hours. I'm not always the smartest guy in the room, but I'm willing to learn. I'm not really good at talking to people, but I'm a good listener.",-1
"""In my previous role, I was responsible for managing a team of software engineers and delivering several successful software products. I have a proven track record of leading teams, setting clear goals, and ensuring that projects are completed on time and within budget. I am proficient in various software development methodologies and have experience in managing projects of all sizes. I am confident that I have the skills and experience necessary to make a significant contribution to your team.""",1
"Well, I've been trying to get into this field for a while now, and I've had some successes, but I've had some uh, I guess you'd say, some setbacks, too. I haven't been able to, uh, fully like, you know, like get a permanent job or anything yet, but I'm, I'm trying. I'm, I'm learning. I'm practicing. And I'm hoping that I, I can get there eventually.",-1
"I'm a highly motivated and results-oriented professional with a proven track record of success in various industries. I possess a diverse skill set that includes strategic planning, project management, team leadership, and excellent communication and interpersonal skills. I'm confident in my abilities to contribute to the team's objectives and drive the organization towards its goals.",1
"Well, I know I'm not the most experienced candidate, but I'm a hard worker and I'm always willing to learn. I think that with some more training, I could be a valuable asset to your team. I'm also a good listener and I'm always willing to take feedback. I'm not afraid to ask for help when I need it, and I'm always looking for ways to improve myself.",-1
